{
  "TranslationProperties": {
    "Name": "server.items.Plant_Flower_Tall_Yellow.name"
  },
  "Parent": "Plant_Flower_Common_White",
  "BlockType": {
    "Opacity": "Semitransparent",
    "CustomModel": "Blocks/Foliage/Flowers/Sunflower.blockymodel",
    "CustomModelTexture": [
      {
        "Texture": "Blocks/Foliage/Flowers/Sunflower_Texture.png",
        "Weight": 1
      }
    ],
    "Gathering": {
      "Soft": {
        "DropList": "Plant_Sunflower"
      },
      "Harvest": {}
    },
    "ParticleColor": "#f7bc0a",
    "CustomModelScale": 1.5,
    "CubeShadingMode": "Standard",
    "Material": "Empty",
    "RequiresAlphaBlending": false
  },
  "Icon": "Icons/ItemsGenerated/Plant_Custom_Flower_Tall_Yellow.png",
  "IconProperties": {
    "Scale": 0.6,
    "Rotation": [
      22.5,
      45,
      22.5
    ],
    "Translation": [
      1,
      -17
    ]
  },
  "Scale": 1
}
